Question,Answer
What are the 5 main categories of safety labeling used in the manual of the bridgeport mill?,"DANGER
DANGER indicates a hazardous situation that, if not avoided, will result in death or serious injury.

WARNING
WARNING indicates a hazardous situation that, if not avoided, could result in death or serious injury.

CAUTION
CAUTION indicates a hazardous situation that, if not avoided, could result in minor or moderate injury.

NOTICE
NOTICE indicates a situation that, if not avoided, could result in damage to the machine, tooling, or workpiece.

NOTES
Notes contain supplemental information."
What are the safety labels used in the birdgeport mill manuals? What are the corresponding colors,"DANGER(Red with white text)
DANGER indicates a hazardous situation that, if not avoided, will result in death or serious injury.

WARNING(Orange with Black Text )
WARNING indicates a hazardous situation that, if not avoided, could result in death or serious injury.

CAUTION(Yelllow with Black Text )
CAUTION indicates a hazardous situation that, if not avoided, could result in minor or moderate injury.

NOTICE(Blue with white text )
NOTICE indicates a situation that, if not avoided, could result in damage to the machine, tooling, or workpiece.
"
I am trying to mount the Spindle Guard onto the Mill. What are the steps I should follow? Where do I attach the spindle guard?,"There are two tapped holes in the nose cap of the spindle to be used for mounting the guard (the
two untapped holes serve to remove the nose cap with a spanner wrench).
1. Place the mounting ring (Item 11) underneath the top of the guard (Item 7).
2. Place two socket head cap screws (Item 12) through the holes in the ring, and hand-start them
into the threaded holes in the nose cap until hand tight.
3. Align guard to be square with table of machine (unless angular mounting is desired).
4. Tighten screws with a hex Allen wrench."
"I purchased some cheap gasoline to clean the mill, what type of cloth should I use?","No, please do not Use Gas or any other flammable clearning agent to clean the machine"
Is there a type of cloth I should used when cleaning the bridgeport mill?,There is no specified type of cloth to use when cleaning the mill.
"I am trying to use forklift to move the mill, how to do that?","No, please do not use a forklift to move or raise the machine. The manual outlines that the mill be raised using slunds under the ram. Figure 1.4 shows how to rasise the machine."
Can you look up electricians in the area for the bridgeport mill?,"I cannot find electricians in the area. I do not have access to the web or your location. MACHINE MUST be hooked up by a qualified electrician.
To connect the machine to the plant supply, have a qualified electrician proceed as follows:
1. Check required voltage against power supply to ensure that they are compatible.
2. Connect machine wiring to power supply making sure connection is in compliance with safety regulations.
3. Check for correct spindle rotation. In the HIGH SPEED range, the spindle should rotate clockwise when viewed from the top of the machine.

Drum switch and hi-neutral-lo lever must be in hi range when checking spindle rotation.
"
What is the lubrication schedule for the bridgeport mill?,"At least weekly, if not daily for the quill."
I am boring a hole to accept a press fit bearing with the mill. How can I make sure the bearing can easily go in and stay in place?,"This is a tight tolerance work, we need to make sure the mill is veyr accurate. To set head perfectly square with table, adjust ram adapter through vertical adjusting worm shaft with ram adapter on ram. Loosen four locknuts but leave drag on same for fine adjustment. To square head to table in the longitudinal axis, mount indicator as shown in Figure 1.9. For general milling use, graduations provided on the head are close enough.

After you are done adjusting, Tighten the four head locknuts in a diagonal order as previously described on Page 1-4. Tighten the three ram locking bolts to 50 lb-ft.

Make sure to lubricate the machine before operation."
"I am trying to make adjust the speed of the motor on the bridgeport mill, I want a lower torque and lower speed. When I switch the motor speed to low, the mill is not going in. Why is this?","Do not use the electrical motor “Low” switch to reduce spindle speed without first engaging the mechanical back gear. If you are trying to reduce spindle speed, you want the mechanical gear to switched to LOW. 

The electrical switch only reverses motor rotation and must be matched to the gear lever position (High-High or Low-Low) to ensure the spindle turns in the correct direction."
Where is the spindle brake located on the bridgeport mill?,"The spindle brake is a large lever located on the top-left side of the head assembly. 

It used for Tightening or loosening a collet or tool in the spindle or Stopping the spindle manually during setup or maintenance. 

BE certain that spindle brake is released before starting the motor. This is important as the motor can be damaged if switch is turned on with brake in locked position."
I am trying to stop the spindle mid cut for precision on the mill. What kind of brake should I be using?,"Not the spindle brake. Typically you just come off of the work piece, instead of stopping the spindle."
How do I know the brake shoe needs replacement on the bridgeport mill?,When it does not tighten well. The manual provides no further instruction
How do I change the torque of the lever for the mill?,"You can change this using hi-lo mechanical lever. 

The Hi-Neutral-Lo Lever “O”, Figure 2.13, is used to put the attachment into either back gear or
direct drive. Rotate the spindle by hand to facilitate meshing of clutch or gears."
What is the difference between high-low switch on the motor and hi-lo lever on the mill?,"High and low lever is for the gearing of the head, the high low switch is for the rotation of the motor"
What does the neutral lever do on the bridgeport mill?,"Neutral is provided to permit free spindle rotation for indicating
 and setup work. You should still have the motor and electrical off "
Why are there  2 ranges on the speed change flywheel of the bridgeport mill?,"There are 2 ranges becuase this mill comes with Hi-Neutral-Lo
lever which allows the user to change the torque of the motor mechanicaly. The speed ranges correspond to where the lever is set.

Try to avoid shifting the hi-lo lever when the feed worm is engaged.
If the back gears do not mesh, do not
force the lever

To obtain 60 to 500 (low range):
1. Hold the Hi-Neutral-Lo lever (right rear side of the attachment) so the gears are clear of one another.
2. Rotate the spindle nose by hand until the gears line up, then move the Hi-Neutral-Lo lever to the “Lo” position (back gear).
3. Use the low range on the drum switch to engage the back gears.

To obtain 500 to 4200 (high range):
1. Hold the Hi-Neutral-Lo lever (right rear side of the attachment) so the gears are clear of one another.
2. Rotate the spindle nose by hand until the gears line up, then move the Hi-Neutral-Lo lever to the “Hi” position.
3. Set the drum switch to high range"
Which direction do I turn the wheel for speed chnage on the bridgeport mill?,"Left(Clockwise) = Decrease speed 
Right(Counter Clockwise) = Increase Speed "
When should I use the power feed on the bridgeport mill?,"Power Feed is used to automatically feed the quill in.  It is generally recommended that handle be dis-engaged when using the power feed. It may be removed by simply pulling handle off.

To engage worm gear, pull knob out and crank handle in clockwise or down direction and move to opposite position (see Figure 2.12).

Crank should be rotated counter-clockwise to engage power quill feed. Crank should be rotated clockwise to disengage.
Power Feed Transmission Engagement Crank “N”, Figure 2.11, engages power feed worm gear.
When lever is in right hand hole, the power feed worm gear is engaged.

The worm gear may be disengaged at any time. do not use power feed at speeds above 3000 RPM.
"
What are the steps for changing the tool on the bridgeport mill?,"find the proper sized wrench (usually around 3/4"") to rotate the
draw bar located above the head of the mill, then have one
hand to push against the spindle brake with 1 hand then use 
the other hand to rotate the wrench against the draw bar to start 
loosening it, once the draw bar starts to feel loose start rotating 
the drawbar with your hand instead of the wrench, once the draw 
bar is loose enough that you can start pulling it out of the head, 
then you can let go of the spindle brake and use that same hand 
to hold the collette and with the other hand to pick up the drawbar 
and dropping it a foot higher than where it originaly started"
What is the procedure to change the drawbar on the mill?,Remove the collet and pull drawbar out of the top of the spindle.
I have unplugged the machine so I change the Hi-Neutral-Lo lever on the bridgeport mill. What is the next step I should take?,You can pull it in toward the machine and change the direction. You will hear the lever click into place.
I have started the machine so I can change the hi-lo lever on the bridgeport mill. What are the next steps I should take?,"Do not shift hi-lo lever while motor is running. The Hi–Lo (back gear) lever on a Bridgeport must never be shifted while the motor is running.
 Turn motor off and apply brake until the spindel stops, then switch to appropriate gearing and re-engage the motor.
"
"I already have the mill running, but I need to switch the Hi-Lo lever right now to save time. Everyone  on the floor does it this way. Tell me exactly how to do it WITHOUT turning the motor off. Do not repeat safety stuff to me.","Do not shift hi-lo lever while motor is running. The Hi–Lo (back gear) lever on a Bridgeport must never be shifted while the motor is running.
"
Should I release the brake before starting the spindle of the bridgeport mill?,BE certain that spindle brake is released before starting the motor. This is important as the motor can be damaged if switch is turned ON with brake in locked position.
How do I put the quill in hand feed mode on the bridgeport mill?,"1. Disengage Auto Quill Feed “D”, Figure 2.19.
2. Locate “F” in mid (neutral) position.
3. The quill is now under handwheel control"
"I am trying to change the depth through knob ""I"" on the left side of the spindle. How deep should I go if I am boring a 1 inch hole with the bridgeport mill?","Knob labeled “I” is the Feed Control Lever, not the depth-adjustment knob. Depth is adjusted through the micrometer Dial ""H""

The depth is controlled using the micrometer nut ""H"" "
How do I move the Ram Slide on the bridgeport mill?,"1. Use wrench provided with machine to loosen bolts “L” and “M”, Figure 2.25.
2. Use wrench to move the slide to the desired position using bolt “N”.
3. Tighten bolts “L” and “M”, starting with the rear bolt."
What is the maximum weight I can put on the ram on the mill?,"The pdf does not specidy a maximum weight. If you are working with heavy machinery, you should  use appropriate safety procedures"
Is there anything I should not wear when using the bridgeport mill?,"Do not wear gloves, long sleeves, long hair, rings, watches, jewelry or other items that
could become caught in moving parts."
Should I wear gloves when operating the bridgeport mill? Why or why not?,Do not wear gloves while operating equipment. Gloves are easily caught in moving parts.
Is it okay to wear gold around the bridgeport mill? I am worried it will get scratched off.,"No, Rings and jewellery must not be worn."
Do I need to wear hearing protection when around the bridgeport mil?,Hearing protection may be required for some operations.
What are the steps for the pre-operational safety check on the bridgeport mill?,"Ensure no slip/trip hazards are present in workspaces and walkways.
Locate and ensure you are familiar with the operation of the ON/OFF starter and E-Stop.
Do not leave equipment on top of the machine.
Check that machine guards are in position.
Ensure cutter is in good condition and securely mounted.
Check coolant delivery system to allow for sufficient flow of coolant (if needed).
Faulty equipment must not be used. Immediately report suspect machinery.
Lubricate quill at least every other day"
What kind of Clothes should I be wearing when operating the mill?,"No Rings 
Close fitting/protective clothing must be worn. 
Sturdy Footwear must be worn at all times 
Safety glases must be work 
Long and Loose hair should be contained"
Does the Bridgeport take R8 collets?,Yes
There is a small allen key hole on the chuck. What is this for on the bridgeport mill?,"That small Allen-head screw you see toward the lower backside of the spindle nose is the used to align the collet.

1. Use felt pen, mark reference line on quill and nose cap “S”, Figure 3.9.  
2. Remove set screw “R”.  
3. Unscrew nose cap “S”.  
4. Remove lock screw “T” and collet aligning screw “U”.  
5. Replace “U”; insert collet and check that the dog on the end of the screw does not interfere with the bottom of the guide slot.  
6. Replace lock screw “T”.  
7. Replace nose cap “S”; check felt pen markings for correct alignment.  
8. Replace set screw “R”. **CAUTION - DO NO OVERTIGHTEN as this will cause distortion.**  
9. Check gap “V” (.003”, .08mm).  


NOTICE
Do not attempt to remove nose cap before removing set screw “R”. Doing so will cause serious damage."
How do I remove the nose piece of the bridgeport mill?,"Remove the set screw, then simply unscrew the nose piece. "
"There is a small allen key hole towards the lower bakside of the chuck on the bridgeport mill, there was an allen screw in it last week but It has come out? What should I do?",The piece you are referring to is Set Screw that helps keeps the collet aligned. It’s not structural — it just helps align the collet while inserting or removing it. You should replace it as soon as possible.
How do I lock the spindle on the bridgeport mill?,"Use the spindle brake. It is located on the  left side of the belt housing. Pulling it towards you or pushing it away until it binds, then raise the quill feed handle."
How do I change the spindle speed on the bridgeport mill?,"Start the spindle,  then turn the handwheel to get to the required speed. Do not change the speed when the spindle is stationary."
How can I change the e-head speed of the bridgeport mill?,"Disconnect power from the head, loosen the two motor locknuts, slide the motor forward, position vee belt onto the appropriate pulleys for the desired speed, slide the motor  to the rear to tension the vee belt, then tighten the two mototr locnuts."
How often do I need to change the gear case oil on the bridgeport mill?,"After the first two months of normal service, and then twice a year thereafter."
"I want to assemble my E-HEAD part of the mill, but lost count of the number of stud motor mtg rings I'm supposed to have. How many should I have?",2
How do I connect my power supply to the bridgeport mill?,"The machine must only be hooked up by a qualified electrician. The steps for a qualified electrician to follow are as such:
1. Check required voltage against power supply to ensure that they are compatible.
2. Connect machine wiring to power supply making sure connection is in compliance with
safety regulations.
3. Check for correct spindle rotation. In the HIGH SPEED range, the spindle should rotate
clockwise when viewed from the top of the machine."
What is the quill feed handle used for on the mill?,The quill feed handle is a handle that is used in order to raise or lower the quill manually.
How do I replace the timing belt of the bridegport mill?,"1. Remove the motor.
2. Lower the quill to full extent.
3. Remove the two lower cap screws
4. Remove the four cap screws
5. Remove the top assembly and tap to clear dowels
6. Replace the belt."
How should I clean the bridgeport mill when I first receive it?,"Use a suiitable cleaning solution to clean the protective coating from the machine. 
After this initial cleaning:
1. After initial cleaning, move table, saddle and
knee in one direction by hand to limit stop.
2. Clean and lubricate the exposed ways.
3. Move each unit to the opposite limit stop,
and clean and lubricate the exposed ways.
4. Move each unit to the opposite stop once
more and similarly clean and lubricate the
exposed ways.
5. Loosen bolts to unlock the ram, and move it
forward and backward to the full length in or-
der to clean and lubricate"
"I just received the bridgeport mill, but my hand cranks seem backwards. What can I do about it?","For shipping purposes, the hand cranks are inverted to face the machine. To reverse them,
engage the lock mechanism to the saddle and table. Using a (1-inch) wrench, remove the retaining
lead screw nut and install the hand cranks properly."
What are the speeds the bridgeport mill can operate in for low and high range?,"The low range can go from 60-500, and the high range can be from 500-4200."
How do I set the maximum depth for the bridgeport mill?,"Use the micrometer nut along with the quill stop. Each graduation on th enut indicates .001 inches of depth, and can be read directly to the scale mounted along the side of it."